site_id,parent_site_id,fr_insee_code,xlong,ylat,external_ids,infrastructure_type
300017533,,,-1.52594089508057,47.2190434510902,,,,
300014141,,,-1.26849856736067,47.3389188762202,EV6,GREENWAY